{
    "name": "Nets from file: titanic.json",
    "nets": [
        {
            "midwidth": 1,
            "net_name": 0,
            "net_ver": "2",
            "nodes": [
                {
                    "connections": {
                        "7": 0.465899995799591,
                        "8": -0.20275053521751144,
                        "9": 0.8425012459832467,
                        "10": -0.13521220814598467,
                        "11": -0.033008803722264446,
                        "12": 0.15554648376362779,
                        "13": 0.06926728896205897,
                        "14": 0.7221424633480954,
                        "15": 0.44968064080891035,
                        "16": 0.15405041483889148
                    },
                    "id": 0,
                    "layer": "input",
                    "name": "Pclass"
                },
                {
                    "connections": {
                        "7": 0.16208321305905649,
                        "8": -0.03427733289011406,
                        "9": 0.27394173686686574,
                        "10": -0.4043515097394077,
                        "11": -0.16112920636362835,
                        "12": 0.2992117133518631,
                        "13": 0.03013479616534758,
                        "14": -0.10080186877904042,
                        "15": -0.03558996053501663,
                        "16": -0.794630123343674
                    },
                    "id": 1,
                    "layer": "input",
                    "name": "Gender"
                },
                {
                    "connections": {
                        "7": -0.48959667849932104,
                        "8": 0.36807175568190514,
                        "9": 0.5057196470751412,
                        "10": 0.6586456471997946,
                        "11": 0.43761901873068365,
                        "12": 0.4262045490942856,
                        "13": 0.10500242686358263,
                        "14": -0.3710619951163244,
                        "15": 0.2764172875179598,
                        "16": 0.22559188027067828
                    },
                    "id": 2,
                    "layer": "input",
                    "name": "Age"
                },
                {
                    "connections": {
                        "7": -0.4405623265488317,
                        "8": -0.06326949211636641,
                        "9": -0.6957537848734792,
                        "10": -0.18415366616833737,
                        "11": -0.569407286192143,
                        "12": 0.30039441756098834,
                        "13": -0.43334006206767633,
                        "14": -0.037443577796649474,
                        "15": 0.22337832713466926,
                        "16": 0.06886024878125172
                    },
                    "id": 3,
                    "layer": "input",
                    "name": "SibSp"
                },
                {
                    "connections": {
                        "7": -0.30947136328226765,
                        "8": -0.283030963962215,
                        "9": -0.3603077730037678,
                        "10": -0.1245403027400735,
                        "11": 0.22710871675481648,
                        "12": -0.14604404522436557,
                        "13": -0.02135211970279427,
                        "14": 0.2617260375182069,
                        "15": -0.6104296414588125,
                        "16": -0.17844068355486112
                    },
                    "id": 4,
                    "layer": "input",
                    "name": "Parch"
                },
                {
                    "connections": {
                        "7": -0.5591173855680256,
                        "8": 0.8565823724197164,
                        "9": -0.18879638923727943,
                        "10": -0.5661571799950162,
                        "11": 0.5231573321859965,
                        "12": -0.3502950760090347,
                        "13": -0.2217139408262804,
                        "14": -0.016056980289413877,
                        "15": 0.017452468239146618,
                        "16": 0.49503035751415764
                    },
                    "id": 5,
                    "layer": "input",
                    "name": "Fare"
                },
                {
                    "connections": {
                        "7": 0.2915987272738011,
                        "8": -0.06979498039229062,
                        "9": 0.051675775680262055,
                        "10": 0.382542338138154,
                        "11": -0.6864191740491357,
                        "12": -0.3422244880816513,
                        "13": -0.5093874125998028,
                        "14": 0.5735847602382319,
                        "15": -0.25510321527675855,
                        "16": -0.19727237295153296
                    },
                    "id": 6,
                    "layer": "input",
                    "name": "Embarked"
                },
                {
                    "connections": {
                        "17": -0.56205488015559
                    },
                    "id": 7,
                    "layer": 0
                },
                {
                    "connections": {
                        "17": 0.11448209880246832
                    },
                    "id": 8,
                    "layer": 0
                },
                {
                    "connections": {
                        "17": 0.06711159293616092
                    },
                    "id": 9,
                    "layer": 0
                },
                {
                    "connections": {
                        "17": -0.5920877448706463
                    },
                    "id": 10,
                    "layer": 0
                },
                {
                    "connections": {
                        "17": 0.26596309639367155
                    },
                    "id": 11,
                    "layer": 0
                },
                {
                    "connections": {
                        "17": -0.07300546467412729
                    },
                    "id": 12,
                    "layer": 0
                },
                {
                    "connections": {
                        "17": 0.3531512317577712
                    },
                    "id": 13,
                    "layer": 0
                },
                {
                    "connections": {
                        "17": 0.12913277551595212
                    },
                    "id": 14,
                    "layer": 0
                },
                {
                    "connections": {
                        "17": 0.1881046886323241
                    },
                    "id": 15,
                    "layer": 0
                },
                {
                    "connections": {
                        "17": -0.9280559595904923
                    },
                    "id": 16,
                    "layer": 0
                },
                {
                    "id": 17,
                    "layer": "output",
                    "name": "Survived"
                },
                {
                    "connections": {
                        "7": 0.4155082168324718,
                        "8": -0.012838819148097314,
                        "9": 0.14149861411877013,
                        "10": 0.08688019458216845,
                        "11": -0.9482066825944682,
                        "12": -0.19098979705337601,
                        "13": 0.37412356232052274,
                        "14": -0.33105303466825536,
                        "15": -0.32081333632909265,
                        "16": 0.05593631273254762,
                        "17": 0.020388901973386536
                    },