{
    "name": "Nets from file: titanic.json",
    "nets": [
        {
            "midwidth": 1,
            "net_name": 0,
            "net_ver": "2",
            "nodes": [
                {
                    "connections": {
                        "7": 0.20275709131978714,
                        "8": -0.17880216125604453,
                        "9": -0.232761453894904,
                        "10": 0.8543949115141966,
                        "11": 0.11659415121685676,
                        "12": -0.1434195567770023,
                        "13": -0.3030053293351539,
                        "14": 0.25734664051413136,
                        "15": -0.7037756454879986,
                        "16": 0.05424746086813392
                    },
                    "id": 0,
                    "layer": "input",
                    "name": "Pclass"
                },
                {
                    "connections": {
                        "7": 0.07974539258891514,
                        "8": 0.24552665530629822,
                        "9": 0.32990730205147495,
                        "10": -0.4820833323785252,
                        "11": 0.747957598147254,
                        "12": -0.01776397037314592,
                        "13": -1,
                        "14": -0.2641202763288472,
                        "15": -0.5775241227292626,
                        "16": -0.3732582051662525
                    },
                    "id": 1,
                    "layer": "input",
                    "name": "Gender"
                },
                {
                    "connections": {
                        "7": -0.4307420851300628,
                        "8": -0.04034003624215787,
                        "9": -0.518193768808303,
                        "10": -0.3834798817834617,
                        "11": 0.5667401881509994,
                        "12": 0.015585620464884375,
                        "13": 0.6314227980479838,
                        "14": 0.33730718151532235,
                        "15": 0.1391912097304851,
                        "16": 0.12487652298655412
                    },
                    "id": 2,
                    "layer": "input",
                    "name": "Age"
                },
                {
                    "connections": {
                        "7": 0.05699945688570657,
                        "8": -0.5146645068736992,
                        "9": 0.1098846308626743,
                        "10": -0.4406222553638548,
                        "11": -0.6102543544101031,
                        "12": 0.5183305691107775,
                        "13": -0.43994460589391177,
                        "14": 0.16589962827656823,
                        "15": -0.13428080196879127,
                        "16": 0.19939040619109996
                    },
                    "id": 3,
                    "layer": "input",
                    "name": "SibSp"
                },
                {
                    "connections": {
                        "7": 0.17209291863668832,
                        "8": -0.17663631948302833,
                        "9": -0.8614074448595357,
                        "10": -0.3558870672489145,
                        "11": 0.223211038196578,
                        "12": -0.13361878949544564,
                        "13": -0.15865166249126283,
                        "14": -0.1212251687731099,
                        "15": 0.21406386462463559,
                        "16": 0.3923220317800311
                    },
                    "id": 4,
                    "layer": "input",
                    "name": "Parch"
                },
                {
                    "connections": {
                        "7": -0.40661320735234263,
                        "8": -0.19206510260608672,
                        "9": -0.6455068901232944,
                        "10": 0.5990012327747751,
                        "11": 0.13933561248003762,
                        "12": -0.7101759733831251,
                        "13": -0.4167258502290744,
                        "14": -0.3137191850410211,
                        "15": -0.10658002934817418,
                        "16": 0.22561922250363775
                    },
                    "id": 5,
                    "layer": "input",
                    "name": "Fare"
                },
                {
                    "connections": {
                        "7": 0.6978613426090179,
                        "8": 0.06382415296947719,
                        "9": 0.3365965535392021,
                        "10": 0.1886757425016283,
                        "11": 0.12223455299153808,
                        "12": 0.1548305629383797,
                        "13": 0.2277768132073297,
                        "14": -0.42402864664554357,
                        "15": 0.19734830511676546,
                        "16": -0.7277304231636803
                    },
                    "id": 6,
                    "layer": "input",
                    "name": "Embarked"
                },
                {
                    "connections": {
                        "17": 0.07512359708766023
                    },
                    "id": 7,
                    "layer": 0
                },
                {
                    "connections": {
                        "17": 0.6681920921077279
                    },
                    "id": 8,
                    "layer": 0
                },
                {
                    "connections": {
                        "17": 0.15497692032376054
                    },
                    "id": 9,
                    "layer": 0
                },
                {
                    "connections": {
                        "17": -0.9423771478520351
                    },
                    "id": 10,
                    "layer": 0
                },
                {
                    "connections": {
                        "17": -0.19795408889313632
                    },
                    "id": 11,
                    "layer": 0
                },
                {
                    "connections": {
                        "17": -0.4167713944512837
                    },
                    "id": 12,
                    "layer": 0
                },
                {
                    "connections": {
                        "17": -0.6170406317276536
                    },
                    "id": 13,
                    "layer": 0
                },
                {
                    "connections": {
                        "17": -0.24490172917009428
                    },
                    "id": 14,
                    "layer": 0
                },
                {
                    "connections": {
                        "17": 0.35851125585836446
                    },
                    "id": 15,
                    "layer": 0
                },
                {
                    "connections": {
                        "17": -0.06165742527073334
                    },
                    "id": 16,
                    "layer": 0
                },
                {
                    "id": 17,
                    "layer": "output",
                    "name": "Survived"
                },
                {
                    "connections": {
                        "7": -0.2751450080043622,
                        "8": -0.630124756499455,
                        "9": -0.4358070249059987,
                        "10": -0.5572596015662886,
                        "11": 0.42408288259310517,
                        "12": 0.013356199424458981,
                        "13": -0.2694698065738845,
                        "14": 0.34644223496403065,
                        "15": -0.3799924701928794,
                        "16": -0.10986290381789018,
                        "17": 0.24650795176461587
                    },
                    "id": 18,