{
    "name": "Nets from file: titanic.json",
    "nets": [
        {
            "midwidth": 1,
            "net_name": 0,
            "net_ver": "2",
            "nodes": [
                {
                    "connections": {
                        "7": 0.10445434816431445,
                        "8": 0.4532459647407352,
                        "9": 0.4595766504865231,
                        "10": 0.1287293446584603,
                        "11": -0.39382608198153546,
                        "12": -0.14338838606769722,
                        "13": 0.14725744925536322,
                        "14": -0.27226998446257855,
                        "15": -0.035849540176999886,
                        "16": -0.2372780131366886
                    },
                    "id": 0,
                    "layer": "input",
                    "name": "Pclass"
                },
                {
                    "connections": {
                        "7": 0.40793630695894434,
                        "8": -0.1292901944874577,
                        "9": 0.050945855430198805,
                        "10": 0.29673670890127113,
                        "11": 0.08544797460160079,
                        "12": -0.2707214111661885,
                        "13": 0.4982564103956162,
                        "14": 0.35868497082695894,
                        "15": -0.20800979959072893,
                        "16": -0.45229899291191034
                    },
                    "id": 1,
                    "layer": "input",
                    "name": "Gender"
                },
                {
                    "connections": {
                        "7": 0.3963747660663418,
                        "8": -0.04079020805517419,
                        "9": 0.22260807150439832,
                        "10": -0.22060712321100628,
                        "11": 0.353349892517118,
                        "12": 0.09313357480692762,
                        "13": -0.03319030442643611,
                        "14": 0.2262042849732484,
                        "15": 0.3455679506185473,
                        "16": -0.2750977194707831
                    },
                    "id": 2,
                    "layer": "input",
                    "name": "Age"
                },
                {
                    "connections": {
                        "7": -0.19603104113308673,
                        "8": -0.4669034698092405,
                        "9": 0.21569073749796566,
                        "10": 0.3472368920590819,
                        "11": 0.23841234214758242,
                        "12": 0.3347331426991707,
                        "13": -0.48696224708581404,
                        "14": 0.4171235791403213,
                        "15": 0.1205745058951001,
                        "16": -0.14467723056434245
                    },
                    "id": 3,
                    "layer": "input",
                    "name": "SibSp"
                },
                {
                    "connections": {
                        "7": 0.24719982969796472,
                        "8": 0.4026773160936129,
                        "9": -0.4469290692491601,
                        "10": -0.23460911467052314,
                        "11": 0.29051753740170755,
                        "12": -0.2250525098623577,
                        "13": 0.21939852720841335,
                        "14": 0.2724842893664715,
                        "15": 0.4128087871115528,
                        "16": 0.3284004846432129
                    },
                    "id": 4,
                    "layer": "input",
                    "name": "Parch"
                },
                {
                    "connections": {
                        "7": 0.039701661575182956,
                        "8": -0.38986978013027684,
                        "9": -0.19603138270986442,
                        "10": -0.39989806443274434,
                        "11": 0.19710746465754947,
                        "12": -0.123600741372405,
                        "13": -0.37521548122422554,
                        "14": -0.3067088399867645,
                        "15": 0.3010901573236415,
                        "16": 0.1655585487356569
                    },
                    "id": 5,
                    "layer": "input",
                    "name": "Fare"
                },
                {
                    "connections": {
                        "7": 0.04869803486518219,
                        "8": -0.14232451331636087,
                        "9": -0.46356308939643,
                        "10": 0.47852117396062355,
                        "11": 0.17791287110826082,
                        "12": -0.12329834652019489,
                        "13": -0.4823821384928002,
                        "14": 0.43919013196928525,
                        "15": -0.46685598829940683,
                        "16": 0.303545699868926
                    },
                    "id": 6,
                    "layer": "input",
                    "name": "Embarked"
                },
                {
                    "connections": {
                        "17": -0.09642637774343044
                    },
                    "id": 7,
                    "layer": 0
                },
                {
                    "connections": {
                        "17": -0.09804993483203306
                    },
                    "id": 8,
                    "layer": 0
                },
                {
                    "connections": {
                        "17": -0.34616460861660614
                    },
                    "id": 9,
                    "layer": 0
                },
                {
                    "connections": {
                        "17": 0.1542811869788011
                    },
                    "id": 10,
                    "layer": 0
                },
                {
                    "connections": {
                        "17": -0.11141080693356964
                    },
                    "id": 11,
                    "layer": 0
                },
                {
                    "connections": {
                        "17": -0.4599659863804435
                    },
                    "id": 12,
                    "layer": 0
                },
                {
                    "connections": {
                        "17": 0.11089993905144438
                    },
                    "id": 13,
                    "layer": 0
                },
                {
                    "connections": {
                        "17": 0.22959493757670466
                    },
                    "id": 14,
                    "layer": 0
                },
                {
                    "connections": {
                        "17": 0.2748417799927526
                    },
                    "id": 15,
                    "layer": 0
                },
                {
                    "connections": {
                        "17": -0.1723235821289686
                    },
                    "id": 16,
                    "layer": 0
                },
                {
                    "id": 17,
                    "layer": "output",
                    "name": "Output"
                },
                {
                    "connections": {
                        "7": 0.21499147301438448,
                        "8": 0.054060381558616255,
                        "9": 0.1320534749850517,
                        "10": -0.1361891123471799,
                        "11": 0.19513493622433842,
                        "12": -0.34154814865125604,
                        "13": 0.447761208512794,
                        "14": 0.36290771281322154,
                        "15": 0.46617314894201634,
                        "16": -0.10706674359955881,
                        "17": -0.2890931150194398
                    },