{
    "name": "Nets from file: titanic.json",
    "nets": [
        {
            "expectedInputs": {
                "Age": {
                    "max": 80.0,
                    "min": 0.42
                },
                "Embarked": {
                    "max": 2.0,
                    "min": 0.0
                },
                "Fare": {
                    "max": 512.3292,
                    "min": 0.0
                },
                "Gender": {
                    "max": 1.0,
                    "min": 0.0
                },
                "Parch": {
                    "max": 6.0,
                    "min": 0.0
                },
                "Pclass": {
                    "max": 3.0,
                    "min": 1.0
                },
                "SibSp": {
                    "max": 8.0,
                    "min": 0.0
                }
            },
            "expectedOutputs": {
                "Output": {
                    "max": 1.0,
                    "min": 0.0
                }
            },
            "midwidth": 1,
            "net_name": 0,
            "net_ver": "2",
            "nodes": [
                {
                    "connections": {
                        "7": -0.12738451486584904,
                        "8": -0.653937199929394,
                        "9": 0.24780100060959628,
                        "10": 0.1918756124353395,
                        "11": 0.5970438018371073,
                        "12": -0.49541211439794086,
                        "13": -0.350071475504199,
                        "14": -0.266767633111361,
                        "15": -0.3998641931250233,
                        "16": 0.01795382786442165
                    },
                    "id": 0,
                    "layer": "input",
                    "name": "Pclass"
                },
                {
                    "connections": {
                        "7": -0.45369970921959374,
                        "8": 0.7704329144351653,
                        "9": -0.6876202656968506,
                        "10": -0.7160859339594757,
                        "11": 0.910842719978187,
                        "12": 0.4852713835677843,
                        "13": 0.8166019214736783,
                        "14": -0.0018540796242098034,
                        "15": 0.6797554622334714,
                        "16": -1
                    },
                    "id": 1,
                    "layer": "input",
                    "name": "Gender"
                },
                {
                    "connections": {
                        "7": 0.37192131215237606,
                        "8": -0.3575662630801545,
                        "9": 0.39429467668740326,
                        "10": -0.7838791760390664,
                        "11": -0.8410466237063732,
                        "12": -0.3670015028378719,
                        "13": -0.6417226800037981,
                        "14": -0.5468993750644136,
                        "15": -0.08342706333217217,
                        "16": 0.31589192334733485
                    },
                    "id": 2,
                    "layer": "input",
                    "name": "Age"
                },
                {
                    "connections": {
                        "7": 0.5723117967064896,
                        "8": -0.03050285333601549,
                        "9": -1,
                        "10": -0.3212557142814871,
                        "11": -0.16232290221322887,
                        "12": 0.2700928844314995,
                        "13": -0.43713041995420465,
                        "14": -0.03573695622739903,
                        "15": 0.5410390052779974,
                        "16": -0.9066367290360136
                    },
                    "id": 3,
                    "layer": "input",
                    "name": "SibSp"
                },
                {
                    "connections": {
                        "7": -0.3252041395419355,
                        "8": 0.13812334205505972,
                        "9": -1,
                        "10": -0.20860870493313372,
                        "11": -0.5693656612631507,
                        "12": 0.9941049487015812,
                        "13": 0.5802778938057724,
                        "14": 0.0245945442091257,
                        "15": -0.4992710636913224,
                        "16": 0.028684279401127555
                    },
                    "id": 4,
                    "layer": "input",
                    "name": "Parch"
                },
                {
                    "connections": {
                        "7": 0.406260095104341,
                        "8": 0.7279068585718791,
                        "9": -0.2955012168679273,
                        "10": 0.20434614667601952,
                        "11": 0.12544706113903376,
                        "12": -0.6057114795692882,
                        "13": -0.07543186903350282,
                        "14": 0.007303405489426318,
                        "15": 0.637998489495037,
                        "16": -0.5928037405628042
                    },
                    "id": 5,
                    "layer": "input",
                    "name": "Fare"
                },
                {
                    "connections": {
                        "7": -0.4213350583491522,
                        "8": -0.0637610762929316,
                        "9": -0.2580784950007088,
                        "10": 0.9029666843949687,
                        "11": 0.09437540068992539,
                        "12": -0.03806637555721884,
                        "13": -0.6164895873693473,
                        "14": -0.5722946866649924,
                        "15": -0.1239245036516565,
                        "16": -0.599752285397553
                    },
                    "id": 6,
                    "layer": "input",
                    "name": "Embarked"
                },
                {
                    "connections": {
                        "17": -0.4728865826845512
                    },
                    "id": 7,
                    "layer": 0
                },
                {
                    "connections": {
                        "17": 0.07085610961459338
                    },
                    "id": 8,
                    "layer": 0
                },
                {
                    "connections": {
                        "17": 0.1957299080441002
                    },
                    "id": 9,
                    "layer": 0
                },
                {
                    "connections": {
                        "17": 0.8659200949435895
                    },
                    "id": 10,
                    "layer": 0
                },
                {
                    "connections": {
                        "17": 0.47777154825661794
                    },
                    "id": 11,
                    "layer": 0
                },
                {
                    "connections": {
                        "17": 0.6025738477724789
                    },
                    "id": 12,
                    "layer": 0
                },
                {
                    "connections": {
                        "17": 0.7173148767096434
                    },
                    "id": 13,
                    "layer": 0
                },
                {
                    "connections": {
                        "17": 0.32135242435171024
                    },
                    "id": 14,
                    "layer": 0
                },
                {
                    "connections": {
                        "17": 0.497291510032297
                    },
                    "id": 15,