{
    "name": "Nets from file: titanic.json",
    "nets": [
        {
            "midwidth": 1,
            "net_name": 0,
            "net_ver": "2",
            "nodes": [
                {
                    "connections": {
                        "7": 0.4708414605210115,
                        "8": -0.20759952602305942,
                        "9": 0.31400450005151725,
                        "10": -0.24896171838863662,
                        "11": 0.3963890012151993,
                        "12": -0.05877582571423401,
                        "13": -0.22017688388127543,
                        "14": 0.23148534996623624,
                        "15": 0.0226501653488644,
                        "16": -0.40916393578659616
                    },
                    "id": 0,
                    "layer": "input",
                    "name": "Pclass"
                },
                {
                    "connections": {
                        "7": -0.11428604774580842,
                        "8": -0.18605960494442653,
                        "9": -0.11003500800386057,
                        "10": 0.03324754032419237,
                        "11": -0.37094619164825005,
                        "12": -0.11744349393279152,
                        "13": -0.33293207920742096,
                        "14": 0.2591063914002213,
                        "15": -0.20652733142606058,
                        "16": -0.45229897512001943
                    },
                    "id": 1,
                    "layer": "input",
                    "name": "Gender"
                },
                {
                    "connections": {
                        "7": 0.2483957699260475,
                        "8": 0.02114361865790937,
                        "9": 0.2991363966166102,
                        "10": 0.254281322351823,
                        "11": -0.13721514972886262,
                        "12": 0.48733164292033593,
                        "13": 0.006374898053639455,
                        "14": -0.3855677064029662,
                        "15": -0.39699030478241826,
                        "16": 0.1250512824197748
                    },
                    "id": 2,
                    "layer": "input",
                    "name": "Age"
                },
                {
                    "connections": {
                        "7": 0.3502150437352616,
                        "8": 0.30436255905080933,
                        "9": 0.2246047005184868,
                        "10": 0.23130359786953059,
                        "11": 0.3318278941128905,
                        "12": -0.539356687980947,
                        "13": -0.0682977033045793,
                        "14": 0.19148673661419396,
                        "15": 0.024357743684031097,
                        "16": 0.15494914452327235
                    },
                    "id": 3,
                    "layer": "input",
                    "name": "SibSp"
                },
                {
                    "connections": {
                        "7": -0.08912866439529399,
                        "8": 0.39392737373257847,
                        "9": -0.3001459223025769,
                        "10": -0.25958563992482164,
                        "11": 0.14750435212620483,
                        "12": -0.4771858160409006,
                        "13": -0.3258263168785067,
                        "14": -0.1476966042637544,
                        "15": 0.24317038516303172,
                        "16": 0.4485216736047196
                    },
                    "id": 4,
                    "layer": "input",
                    "name": "Parch"
                },
                {
                    "connections": {
                        "7": 0.16797351963079132,
                        "8": -0.024890670680037787,
                        "9": -0.15867888262080487,
                        "10": 0.010304086225615738,
                        "11": 0.35983359317456076,
                        "12": 0.382384931451609,
                        "13": -0.4484426440774591,
                        "14": 0.3542514106964779,
                        "15": -0.018651523738414333,
                        "16": 0.18837289747191455
                    },
                    "id": 5,
                    "layer": "input",
                    "name": "Fare"
                },
                {
                    "connections": {
                        "7": -0.09920070138160542,
                        "8": 0.27349177710531636,
                        "9": 0.25738743529220176,
                        "10": 0.1700528724507222,
                        "11": 0.4411626480658758,
                        "12": -0.049538755531068346,
                        "13": -0.4334111664793464,
                        "14": -0.1611046080416508,
                        "15": -0.4725437305392548,
                        "16": -0.46102546554792934
                    },
                    "id": 6,
                    "layer": "input",
                    "name": "Embarked"
                },
                {
                    "connections": {
                        "17": -0.3502820250105131
                    },
                    "id": 7,
                    "layer": 0
                },
                {
                    "connections": {
                        "17": 0.2571292314277648
                    },
                    "id": 8,
                    "layer": 0
                },
                {
                    "connections": {
                        "17": 0.4421390692792295
                    },
                    "id": 9,
                    "layer": 0
                },
                {
                    "connections": {
                        "17": -0.44877807985293144
                    },
                    "id": 10,
                    "layer": 0
                },
                {
                    "connections": {
                        "17": -0.2739322568418223
                    },
                    "id": 11,
                    "layer": 0
                },
                {
                    "connections": {
                        "17": -0.4650274252214516
                    },
                    "id": 12,
                    "layer": 0
                },
                {
                    "connections": {
                        "17": -0.19721443137827932
                    },
                    "id": 13,
                    "layer": 0
                },
                {
                    "connections": {
                        "17": 0.27547334160136405
                    },
                    "id": 14,
                    "layer": 0
                },
                {
                    "connections": {
                        "17": -0.39354401357177826
                    },
                    "id": 15,
                    "layer": 0
                },
                {
                    "connections": {
                        "17": -0.39391871637080733
                    },
                    "id": 16,
                    "layer": 0
                },
                {
                    "id": 17,
                    "layer": "output",
                    "name": "Output"
                },
                {
                    "connections": {
                        "7": 0.32717743357681395,
                        "8": -0.3563141436954187,
                        "9": 0.3977078967175445,
                        "10": 0.36677167524495036,
                        "11": -0.00447148703618957,
                        "12": -0.41675334104217665,
                        "13": -0.12629112526073683,
                        "14": 0.10290279013263048,
                        "15": 0.40025876882186395,
                        "16": 0.015833281980480327,
                        "17": -0.34374870541058344
                    },