{
    "name": "Nets from file: titanic.json",
    "nets": [
        {
            "midwidth": 1,
            "net_name": 0,
            "net_ver": "2",
            "nodes": [
                {
                    "connections": {
                        "7": -0.3827155196174305,
                        "8": 0.013117407178234758,
                        "9": 0.24296691364100215,
                        "10": -0.25800999748807574,
                        "11": -0.8136870903777885,
                        "12": -0.5734252511288958,
                        "13": 0.5513267925515145,
                        "14": -0.4564019672591738,
                        "15": -0.021719716564823202,
                        "16": 0.07441443776401765
                    },
                    "id": 0,
                    "layer": "input",
                    "name": "Pclass"
                },
                {
                    "connections": {
                        "7": 0.40626313779173684,
                        "8": 0.11893954408701346,
                        "9": -0.386693805501501,
                        "10": -0.11035980774170923,
                        "11": 0.438854974179034,
                        "12": 0.055517216021844576,
                        "13": 0.18056725343040791,
                        "14": -0.7872223295252759,
                        "15": -0.1025522420209353,
                        "16": -0.054284962874334625
                    },
                    "id": 1,
                    "layer": "input",
                    "name": "Gender"
                },
                {
                    "connections": {
                        "7": 0.18871992511643954,
                        "8": 0.37726405780192274,
                        "9": 0.04537686544534722,
                        "10": 0.23360860144753454,
                        "11": 0.45574008483898676,
                        "12": 0.6218345304584729,
                        "13": 0.139324056327375,
                        "14": -0.624322573568343,
                        "15": 0.08289136882118084,
                        "16": -0.10083573994308569
                    },
                    "id": 2,
                    "layer": "input",
                    "name": "Age"
                },
                {
                    "connections": {
                        "7": 0.22507681937147703,
                        "8": -0.38034261406355424,
                        "9": 0.26136020833685747,
                        "10": 0.6216585305293054,
                        "11": 0.5232927279441232,
                        "12": -0.3588192661573958,
                        "13": -0.3823773771715143,
                        "14": -0.42305353829819403,
                        "15": 0.415218291689397,
                        "16": -0.14541366432052188
                    },
                    "id": 3,
                    "layer": "input",
                    "name": "SibSp"
                },
                {
                    "connections": {
                        "7": 0.7547037506810625,
                        "8": -0.5541016836690859,
                        "9": -0.10095784469718766,
                        "10": -0.22555183090833336,
                        "11": 0.09517121378028884,
                        "12": -0.6528142261524896,
                        "13": -0.3743659507249753,
                        "14": -0.17297890817134842,
                        "15": -0.19160626132206357,
                        "16": 0.14708453201524813
                    },
                    "id": 4,
                    "layer": "input",
                    "name": "Parch"
                },
                {
                    "connections": {
                        "7": -0.16905888697962176,
                        "8": 0.3230477614996455,
                        "9": 0.03051002267167366,
                        "10": -0.4679814381826748,
                        "11": -0.41154772114829913,
                        "12": 0.6152079332784828,
                        "13": 0.039810810143771594,
                        "14": -0.2710436044261538,
                        "15": -0.05993060530968572,
                        "16": 0.15261999224046124
                    },
                    "id": 5,
                    "layer": "input",
                    "name": "Fare"
                },
                {
                    "connections": {
                        "7": -0.12178806623413155,
                        "8": 0.002612916406154131,
                        "9": -0.014473962292149062,
                        "10": -0.47138911537384454,
                        "11": 0.024709831067205958,
                        "12": -0.0641573533972291,
                        "13": 0.1050194193220856,
                        "14": 0.4488561976577643,
                        "15": 0.37118572254249954,
                        "16": 0.052470597696594484
                    },
                    "id": 6,
                    "layer": "input",
                    "name": "Embarked"
                },
                {
                    "connections": {
                        "17": 0.5810957878327518
                    },
                    "id": 7,
                    "layer": 0
                },
                {
                    "connections": {
                        "17": -0.07088125275306631
                    },
                    "id": 8,
                    "layer": 0
                },
                {
                    "connections": {
                        "17": -0.6081290834197587
                    },
                    "id": 9,
                    "layer": 0
                },
                {
                    "connections": {
                        "17": -0.6589331437643899
                    },
                    "id": 10,
                    "layer": 0
                },
                {
                    "connections": {
                        "17": -0.1390915701380273
                    },
                    "id": 11,
                    "layer": 0
                },
                {
                    "connections": {
                        "17": 0.7851146903300403
                    },
                    "id": 12,
                    "layer": 0
                },
                {
                    "connections": {
                        "17": -0.352547752879123
                    },
                    "id": 13,
                    "layer": 0
                },
                {
                    "connections": {
                        "17": -0.6273689586334734
                    },
                    "id": 14,
                    "layer": 0
                },
                {
                    "connections": {
                        "17": 0.22263147703783165
                    },
                    "id": 15,
                    "layer": 0
                },
                {
                    "connections": {
                        "17": -0.3144962960120615
                    },
                    "id": 16,
                    "layer": 0
                },
                {
                    "id": 17,
                    "layer": "output",
                    "name": "Survived"
                },
                {
                    "connections": {
                        "7": -0.27635533871019,
                        "8": -0.2478270120036273,
                        "9": 0.032112966065166865,
                        "10": 0.5588383485714249,
                        "11": -0.07483894659801575,
                        "12": -0.4851368783574919,
                        "13": 0.12138070501984559,
                        "14": 0.14458139988780805,
                        "15": -0.06494157922070184,
                        "16": -0.4598020496932632,
                        "17": 0.04983001545770624
                    },