{
    "name": "Nets from file: titanic.json",
    "nets": [
        {
            "expectedInputs": {
                "Age": {
                    "max": 80.0,
                    "min": 0.92
                },
                "Embarked": {
                    "max": 2.0,
                    "min": 0.0
                },
                "Fare": {
                    "max": 512.3292,
                    "min": 0.0
                },
                "Gender": {
                    "max": 1.0,
                    "min": 0.0
                },
                "Parch": {
                    "max": 4.0,
                    "min": 0.0
                },
                "Pclass": {
                    "max": 3.0,
                    "min": 1.0
                },
                "SibSp": {
                    "max": 3.0,
                    "min": 0.0
                }
            },
            "expectedOutputs": {
                "Output": {
                    "max": 1.0,
                    "min": 0.0
                }
            },
            "midwidth": 1,
            "net_name": 0,
            "net_ver": "2",
            "nodes": [
                {
                    "connections": {
                        "7": 0.5101128427310178,
                        "8": -0.0921298664718967,
                        "9": -0.12277419850082866,
                        "10": 1,
                        "11": -0.6810727158621672,
                        "12": 0.9125430167047303,
                        "13": 0.4275806363022758,
                        "14": 0.690715667276129,
                        "15": -0.3618343188735207,
                        "16": 0.12322969127146105
                    },
                    "id": 0,
                    "layer": "input",
                    "name": "Pclass"
                },
                {
                    "connections": {
                        "7": 0.6016476855071379,
                        "8": 0.5511017566782169,
                        "9": -0.8420915571729191,
                        "10": -0.867435467741251,
                        "11": -0.22021014257161634,
                        "12": 0.006342155004104955,
                        "13": 0.3749870838720375,
                        "14": 0.34891773858684405,
                        "15": 0.3220763719311337,
                        "16": 0.17315087440707136
                    },
                    "id": 1,
                    "layer": "input",
                    "name": "Gender"
                },
                {
                    "connections": {
                        "7": 0.43330349830850745,
                        "8": -0.39685172777669675,
                        "9": 0.1068853074341303,
                        "10": 0.41133991628191735,
                        "11": -0.18663240827098407,
                        "12": 0.3722706361910727,
                        "13": 0.1547702784366599,
                        "14": 0.1708356941613954,
                        "15": 0.18064115774462752,
                        "16": -0.41865367397946784
                    },
                    "id": 2,
                    "layer": "input",
                    "name": "Age"
                },
                {
                    "connections": {
                        "7": -0.20257488592790643,
                        "8": -0.7865107908839545,
                        "9": -1,
                        "10": -0.25648979467683786,
                        "11": -0.524780569897022,
                        "12": 1,
                        "13": 0.8004480096619151,
                        "14": 0.2938950977179231,
                        "15": 0.11615952114575184,
                        "16": 0.45948484423702896
                    },
                    "id": 3,
                    "layer": "input",
                    "name": "SibSp"
                },
                {
                    "connections": {
                        "7": 0.07574406453027567,
                        "8": 0.32463543925526195,
                        "9": -0.547610998479926,
                        "10": 0.13911911528389231,
                        "11": 0.724415002482436,
                        "12": 0.1335993986297523,
                        "13": -0.47527964759436003,
                        "14": 0.18196328784484886,
                        "15": -0.39871324847243317,
                        "16": 0.047715351756339924
                    },
                    "id": 4,
                    "layer": "input",
                    "name": "Parch"
                },
                {
                    "connections": {
                        "7": 0.25438734400874213,
                        "8": -0.040626075751133646,
                        "9": -0.5550207873235429,
                        "10": -0.31850472124805684,
                        "11": -0.09372730090282497,
                        "12": 0.5281504214122672,
                        "13": 0.43620886369237416,
                        "14": -0.22516037648280082,
                        "15": 0.0013666234299000712,
                        "16": -0.6245407503098654
                    },
                    "id": 5,
                    "layer": "input",
                    "name": "Fare"
                },
                {
                    "connections": {
                        "7": -0.6667140672561809,
                        "8": 0.23938721168593863,
                        "9": -0.6208341806926871,
                        "10": -0.035597057572109764,
                        "11": 0.06770946140553194,
                        "12": -0.3147262594739776,
                        "13": -0.43221653865375875,
                        "14": -0.06125167859820854,
                        "15": 0.7850352793877305,
                        "16": 0.2601520391161194
                    },
                    "id": 6,
                    "layer": "input",
                    "name": "Embarked"
                },
                {
                    "connections": {
                        "17": -0.14612862822931172
                    },
                    "id": 7,
                    "layer": 0
                },
                {
                    "connections": {
                        "17": 0.27950744889822965
                    },
                    "id": 8,
                    "layer": 0
                },
                {
                    "connections": {
                        "17": -0.36847773625204694
                    },
                    "id": 9,
                    "layer": 0
                },
                {
                    "connections": {
                        "17": -0.779248328463334
                    },
                    "id": 10,
                    "layer": 0
                },
                {
                    "connections": {
                        "17": -0.47912777985539196
                    },
                    "id": 11,
                    "layer": 0
                },
                {
                    "connections": {
                        "17": 0.18431755130842767
                    },
                    "id": 12,
                    "layer": 0
                },
                {
                    "connections": {
                        "17": -0.17031804099103226
                    },
                    "id": 13,
                    "layer": 0
                },
                {
                    "connections": {
                        "17": 0.08283169261132226
                    },
                    "id": 14,
                    "layer": 0
                },
                {
                    "connections": {
                        "17": -0.27594722711507746
                    },
                    "id": 15,