{
    "name": "Nets from file: titanic.json",
    "nets": [
        {
            "midwidth": 1,
            "net_name": 0,
            "net_ver": "2",
            "nodes": [
                {
                    "connections": {
                        "7": 0.009415674554455251,
                        "8": 0.3031625420330729,
                        "9": 0.5584995904912173,
                        "10": -0.3314106175722276,
                        "11": -0.4642569717019857,
                        "12": 0.10559370708157839,
                        "13": -0.24470802456689292,
                        "14": 1,
                        "15": 0.08765891704748399,
                        "16": 0.19727740219022555
                    },
                    "id": 0,
                    "layer": "input",
                    "name": "Pclass"
                },
                {
                    "connections": {
                        "7": -0.5017472145209698,
                        "8": -0.1806665512112733,
                        "9": -0.11452211180561178,
                        "10": -0.31425760466865266,
                        "11": 0.28091546890446895,
                        "12": 0.18493956691671776,
                        "13": -0.1228725215047416,
                        "14": 0.13222527848371293,
                        "15": 0.9716485568555857,
                        "16": -0.4836148494589642
                    },
                    "id": 1,
                    "layer": "input",
                    "name": "Gender"
                },
                {
                    "connections": {
                        "7": -0.3826159712367421,
                        "8": 0.11932354369187892,
                        "9": 0.3105714612583278,
                        "10": -0.08725788060695316,
                        "11": -0.007572133130877276,
                        "12": -0.12701573709498534,
                        "13": -0.05074520697191218,
                        "14": 0.14660501199253917,
                        "15": -0.4292543938333533,
                        "16": -0.16624417990044998
                    },
                    "id": 2,
                    "layer": "input",
                    "name": "Age"
                },
                {
                    "connections": {
                        "7": -0.31865132208211266,
                        "8": 0.6375123908009446,
                        "9": -0.07422456919687925,
                        "10": -0.11545859558357147,
                        "11": -0.9753020245453439,
                        "12": -0.6408695092988516,
                        "13": -1,
                        "14": -0.6122088135063439,
                        "15": 0.2980037715061004,
                        "16": -0.028914641653288248
                    },
                    "id": 3,
                    "layer": "input",
                    "name": "SibSp"
                },
                {
                    "connections": {
                        "7": -0.16274468640549514,
                        "8": 0.10580719090711563,
                        "9": 0.24715932635442917,
                        "10": 0.08675946137670287,
                        "11": -0.01309932032572525,
                        "12": -0.6668008929139131,
                        "13": 0.49102236867955584,
                        "14": -0.17422373256805515,
                        "15": 0.39829280089623337,
                        "16": 0.481687001907976
                    },
                    "id": 4,
                    "layer": "input",
                    "name": "Parch"
                },
                {
                    "connections": {
                        "7": -0.195455356202142,
                        "8": -0.44482827411797793,
                        "9": 0.4361861439642126,
                        "10": 0.09543753666179225,
                        "11": -0.7642471265415541,
                        "12": 0.3008867747430217,
                        "13": 0.027909980725044206,
                        "14": -0.18445838262405184,
                        "15": -0.3239432200864879,
                        "16": -0.37129527451239014
                    },
                    "id": 5,
                    "layer": "input",
                    "name": "Fare"
                },
                {
                    "connections": {
                        "7": -0.17962372875745566,
                        "8": -0.25734440059952646,
                        "9": -0.7130285913400638,
                        "10": 0.37648621154994616,
                        "11": -0.8357833637169487,
                        "12": 0.3689863882910864,
                        "13": 0.8334518420397183,
                        "14": 0.2582048062554695,
                        "15": 0.4236854981140715,
                        "16": -0.4531081442203232
                    },
                    "id": 6,
                    "layer": "input",
                    "name": "Embarked"
                },
                {
                    "connections": {
                        "17": -0.9932741511203625
                    },
                    "id": 7,
                    "layer": 0
                },
                {
                    "connections": {
                        "17": -0.30017172346355464
                    },
                    "id": 8,
                    "layer": 0
                },
                {
                    "connections": {
                        "17": -0.09308006909563155
                    },
                    "id": 9,
                    "layer": 0
                },
                {
                    "connections": {
                        "17": -0.8777454974782166
                    },
                    "id": 10,
                    "layer": 0
                },
                {
                    "connections": {
                        "17": 0.09283203036561882
                    },
                    "id": 11,
                    "layer": 0
                },
                {
                    "connections": {
                        "17": 0.32286686108051355
                    },
                    "id": 12,
                    "layer": 0
                },
                {
                    "connections": {
                        "17": -0.08177382288037416
                    },
                    "id": 13,
                    "layer": 0
                },
                {
                    "connections": {
                        "17": 0.3423062088269994
                    },
                    "id": 14,
                    "layer": 0
                },
                {
                    "connections": {
                        "17": 1
                    },
                    "id": 15,
                    "layer": 0
                },
                {
                    "connections": {
                        "17": -0.17360589498828305
                    },
                    "id": 16,
                    "layer": 0
                },
                {
                    "id": 17,
                    "layer": "output",
                    "name": "Survived"
                },
                {
                    "connections": {
                        "7": 0.32739273989384005,
                        "8": -0.14712876557245969,
                        "9": 0.0680997471101763,
                        "10": -0.04397519910828354,
                        "11": -0.2585343766076412,
                        "12": 0.45156822028149707,
                        "13": 0.8800202379993532,
                        "14": -0.6898782202194929,
                        "15": 0.1779419324656545,
                        "16": 0.035625132171133375,
                        "17": -0.006103065352513176
                    },
                    "id": 18,