{
    "name": "Nets from file: titanic.json",
    "nets": [
        {
            "midwidth": 1,
            "net_name": 0,
            "net_ver": "2",
            "nodes": [
                {
                    "connections": {
                        "7": -0.31968640592870523,
                        "8": -0.12996464882942463,
                        "9": -0.7835649569922299,
                        "10": -0.021761164683772427,
                        "11": 0.15383819975530083,
                        "12": 0.39492791519884085,
                        "13": 0.13853938021225223,
                        "14": 0.6135583799792437,
                        "15": -0.21938678014527713,
                        "16": 1
                    },
                    "id": 0,
                    "layer": "input",
                    "name": "Pclass"
                },
                {
                    "connections": {
                        "7": -0.20214268769366314,
                        "8": 0.06683158303731557,
                        "9": 0.5763054736229767,
                        "10": 0.21046310947454225,
                        "11": 0.4661445284839333,
                        "12": -0.23745931918308305,
                        "13": -0.17056486443213575,
                        "14": -0.4073959193081625,
                        "15": -0.04171737220178068,
                        "16": 0.11131742455307608
                    },
                    "id": 1,
                    "layer": "input",
                    "name": "Gender"
                },
                {
                    "connections": {
                        "7": -0.49454441893487217,
                        "8": 0.5105807635017927,
                        "9": 0.09212019939745775,
                        "10": 0.6342797395479677,
                        "11": 0.4560802108304736,
                        "12": -0.31312757541542147,
                        "13": -0.43057495713033456,
                        "14": -0.5762695480398687,
                        "15": -0.40133457322689525,
                        "16": 0.64048785410003
                    },
                    "id": 2,
                    "layer": "input",
                    "name": "Age"
                },
                {
                    "connections": {
                        "7": -0.5501283413137246,
                        "8": 0.031656396172995094,
                        "9": -0.10172714540482482,
                        "10": -0.17324966164801192,
                        "11": 0.23240421231038266,
                        "12": 0.9963219243748744,
                        "13": -0.2949144361688512,
                        "14": -0.10537840626379494,
                        "15": 0.17951945738671987,
                        "16": -0.18005112100946014
                    },
                    "id": 3,
                    "layer": "input",
                    "name": "SibSp"
                },
                {
                    "connections": {
                        "7": -0.21789150749333952,
                        "8": -0.1727783398910064,
                        "9": 0.41116470949462214,
                        "10": 0.2023097882277338,
                        "11": 0.02204064740041456,
                        "12": -0.49918002709339326,
                        "13": 0.22667431734875104,
                        "14": 0.15298224364048077,
                        "15": 0.5674671247651245,
                        "16": -0.10517785555741829
                    },
                    "id": 4,
                    "layer": "input",
                    "name": "Parch"
                },
                {
                    "connections": {
                        "7": 0.15225186746229868,
                        "8": -0.5102303152841627,
                        "9": 0.723679257509928,
                        "10": 0.06205865527349952,
                        "11": 0.2276215816550175,
                        "12": 0.9386285703023552,
                        "13": 0.5014341359233458,
                        "14": 0.32683074668972506,
                        "15": 0.6026599542792411,
                        "16": 0.15398449783013582
                    },
                    "id": 5,
                    "layer": "input",
                    "name": "Fare"
                },
                {
                    "connections": {
                        "7": -0.6919947506357599,
                        "8": -0.5802037236776895,
                        "9": 0.15599303286475327,
                        "10": 0.524826024511587,
                        "11": -0.05900520709489969,
                        "12": -0.4711783200799826,
                        "13": 0.5437983840011917,
                        "14": -0.2310632357454106,
                        "15": -0.5083044507296102,
                        "16": -0.27853010414108925
                    },
                    "id": 6,
                    "layer": "input",
                    "name": "Embarked"
                },
                {
                    "connections": {
                        "17": -0.1184570536808916
                    },
                    "id": 7,
                    "layer": 0
                },
                {
                    "connections": {
                        "17": -0.11302496780163301
                    },
                    "id": 8,
                    "layer": 0
                },
                {
                    "connections": {
                        "17": 0.8356889091823773
                    },
                    "id": 9,
                    "layer": 0
                },
                {
                    "connections": {
                        "17": 0.09160499140625261
                    },
                    "id": 10,
                    "layer": 0
                },
                {
                    "connections": {
                        "17": 0.5036716206596109
                    },
                    "id": 11,
                    "layer": 0
                },
                {
                    "connections": {
                        "17": -0.19608391709383727
                    },
                    "id": 12,
                    "layer": 0
                },
                {
                    "connections": {
                        "17": -0.10582191489391912
                    },
                    "id": 13,
                    "layer": 0
                },
                {
                    "connections": {
                        "17": -0.5411760073509451
                    },
                    "id": 14,
                    "layer": 0
                },
                {
                    "connections": {
                        "17": -0.7789672617875258
                    },
                    "id": 15,
                    "layer": 0
                },
                {
                    "connections": {
                        "17": 0.4866753908496466
                    },
                    "id": 16,
                    "layer": 0
                },
                {
                    "id": 17,
                    "layer": "output",
                    "name": "Survived"
                },
                {
                    "connections": {
                        "7": -0.3118677463298367,
                        "8": -1,
                        "9": 0.3315453284794209,
                        "10": 0.06860895082475886,
                        "11": -0.5199191249434606,
                        "12": 0.5636931949686501,
                        "13": 0.2915099027836825,
                        "14": -0.389259495302078,
                        "15": -0.4927960185739702,
                        "16": -0.7863297049812483,
                        "17": -0.16300501623933955
                    },
                    "id": 18,