{
    "name": "Nets from file: titanic.json",
    "nets": [
        {
            "midwidth": 1,
            "net_name": 0,
            "net_ver": "2",
            "nodes": [
                {
                    "connections": {
                        "7": -0.7441870869990069,
                        "8": -0.12171734989260566,
                        "9": -0.3086372300153417,
                        "10": -0.15917544118541213,
                        "11": -0.35967539781225916,
                        "12": 0.5918062300267635,
                        "13": 0.7924466271578444,
                        "14": 0.793268648941409,
                        "15": -0.8751490451557346,
                        "16": 0.2942347559047951
                    },
                    "id": 0,
                    "layer": "input",
                    "name": "Pclass"
                },
                {
                    "connections": {
                        "7": 0.3608145692633251,
                        "8": 0.44613016146788076,
                        "9": 0.8250638540645614,
                        "10": -0.271654844370686,
                        "11": 0.7324180306174254,
                        "12": -0.4936044231201768,
                        "13": 0.25246225905518727,
                        "14": 0.6699150634660335,
                        "15": -0.12944350254862352,
                        "16": -0.4249253964677967
                    },
                    "id": 1,
                    "layer": "input",
                    "name": "Gender"
                },
                {
                    "connections": {
                        "7": 0.21755525536358555,
                        "8": -0.778297711827766,
                        "9": -0.725254319619577,
                        "10": 0.1586942339107586,
                        "11": -0.30858921615626106,
                        "12": 0.007144008534447063,
                        "13": 0.9533313433227905,
                        "14": 0.011661129881807092,
                        "15": 0.9534141515848482,
                        "16": 0.5615605267735151
                    },
                    "id": 2,
                    "layer": "input",
                    "name": "Age"
                },
                {
                    "connections": {
                        "7": 0.019040896381717964,
                        "8": 0.14120624436348725,
                        "9": 0.388474698881596,
                        "10": 0.23549203454244527,
                        "11": 1,
                        "12": 0.6921305339279835,
                        "13": 0.5114627904204431,
                        "14": -1,
                        "15": 0.8170996472844116,
                        "16": 0.2759042510507899
                    },
                    "id": 3,
                    "layer": "input",
                    "name": "SibSp"
                },
                {
                    "connections": {
                        "7": -0.3162233309483957,
                        "8": 0.25818893674284,
                        "9": -0.2363423897122849,
                        "10": -0.7496643766182548,
                        "11": 0.6721638676423478,
                        "12": -0.2762282737694152,
                        "13": -0.576887031345524,
                        "14": -0.1043241633382106,
                        "15": 0.5209349094029097,
                        "16": 0.2592903918171723
                    },
                    "id": 4,
                    "layer": "input",
                    "name": "Parch"
                },
                {
                    "connections": {
                        "7": -0.2769657400231878,
                        "8": 0.6488557343681693,
                        "9": 0.7666615312533442,
                        "10": -0.3119372888135974,
                        "11": 1,
                        "12": -1,
                        "13": -0.3900553587605562,
                        "14": -0.5912947015673472,
                        "15": -0.8053882866621938,
                        "16": -0.7406255942565549
                    },
                    "id": 5,
                    "layer": "input",
                    "name": "Fare"
                },
                {
                    "connections": {
                        "7": -0.02436732475308616,
                        "8": -0.42736316894271337,
                        "9": 0.7253943415052935,
                        "10": -0.3332909364375173,
                        "11": -0.4195866936213174,
                        "12": -0.03669913382736276,
                        "13": 0.5995187367562075,
                        "14": -0.8533984208855686,
                        "15": 0.16866593730046783,
                        "16": -0.5185154161739304
                    },
                    "id": 6,
                    "layer": "input",
                    "name": "Embarked"
                },
                {
                    "connections": {
                        "17": 0.07449859418297482
                    },
                    "id": 7,
                    "layer": 0
                },
                {
                    "connections": {
                        "17": 1
                    },
                    "id": 8,
                    "layer": 0
                },
                {
                    "connections": {
                        "17": 0.022985688460063408
                    },
                    "id": 9,
                    "layer": 0
                },
                {
                    "connections": {
                        "17": 0.3624634941350737
                    },
                    "id": 10,
                    "layer": 0
                },
                {
                    "connections": {
                        "17": 0.5565911430541047
                    },
                    "id": 11,
                    "layer": 0
                },
                {
                    "connections": {
                        "17": 0.19611269223919345
                    },
                    "id": 12,
                    "layer": 0
                },
                {
                    "connections": {
                        "17": -0.5002700252329653
                    },
                    "id": 13,
                    "layer": 0
                },
                {
                    "connections": {
                        "17": 0.6981373435448582
                    },
                    "id": 14,
                    "layer": 0
                },
                {
                    "connections": {
                        "17": 0.38050273443422555
                    },
                    "id": 15,
                    "layer": 0
                },
                {
                    "connections": {
                        "17": -1
                    },
                    "id": 16,
                    "layer": 0
                },
                {
                    "id": 17,
                    "layer": "output",
                    "name": "Survived"
                },
                {
                    "connections": {
                        "7": -0.516165593455957,
                        "8": -0.3656107969713195,
                        "9": -0.5374392006637007,
                        "10": -0.3068914590904297,
                        "11": 0.10643808772621952,
                        "12": 0.2684279413700396,
                        "13": 0.8228944984703362,
                        "14": -0.28433538939777264,
                        "15": 0.07737402119496356,
                        "16": 0.10451927699439527,
                        "17": 0.1792715289877893
                    },
                    "id": 18,
                    "layer": "bias"
                }
            ]
        }
    ],
    "ver": "2"
}